"","SCIENTIFIC_NAME"
"1","Terminalia kaernbachii"
"2","Terminalia myriocarpa"
"3","Terminalia oblonga"
"4","Terminalia richii"
"5","Terminalia samoensis"
"6","Terminalia superba"
"7","Ternstroemia heptasepala"
"8","Ternstroemia luquillensis"
"9","Ternstroemia peduncularis"
"10","Ternstroemia stahlii"
"11","Ternstroemia subsessilis"
"12","Tetragastris balsamifera"
"13","Tetraplasandra flynnii"
"14","Tetraplasandra gymnocarpa"
"15","Tetraplasandra hawaiensis"
"16","Tetraplasandra kavaiensis"
"17","Tetraplasandra oahuensis"
"18","Tetraplasandra spp."
"19","Tetraplasandra waialealae"
"20","Tetraplasandra waimeae"
"21","Tetrazygia angustifolia"
"22","Tetrazygia bicolor"
"23","Tetrazygia biflora"
"24","Tetrazygia elaeagnoides"
"25","Tetrazygia urbanii"
"26","Theobroma cacao"
"27","Thespesia grandiflora"
"28","Thespesia populnea"
"29","Thespesia spp."
"30","Thevetia peruviana"
"31","Thouinia striata"
"32","Thouinia striata var. portoricensis"
"33","Timonius albus"
"34","Timonius ledermannii"
"35","Timonius ponapensis"
"36","Tibouchina granulosa"
"37","Tibouchina spp."
"38","Tibouchina urvilleana"
"39","Timonius corymbosus"
"40","Timonius mollis"
"41","Timonius spp."
"42","Timonius subauritus"
"43","Timonius timon"
"44","Toona spp."
"45","Toona ciliata"
"46","Tilia cordata"
"47","Tilia tomentosa"
"48","Tipuana tipu"
"49","Torralbasia cuneifolia"
"50","Trachycarpus fortunei"
"51","Touchardia latifolia"
"52","Touchardia spp."
"53","Tournefortia argentea"
"54","Tournefortia filiflora"
"55","Tournefortia spp."
"56","Trema cannabina"
"57","Trema lamarckiana"
"58","Trema micrantha"
"59","Toxicodendron vernix"
"60","Trema orientalis"
"61","Trema spp."
"62","Trichilia hirta"
"63","Trichilia pallida"
"64","Trichilia triacantha"
"65","Trichospermum ikutai"
"66","Trichospermum ledermannii"
"67","Trichospermum richii"
"68","Triphasia trifolia"
"69","Triplaris spp."
"70","Triplaris cumingiana"
"71","Tristiropsis obtusangula"
"72","Trophis racemosa"
"73","Trukia carolinensis"
"74","Turpinia occidentalis"
"75","Ulmus parvifolia"
"76","Ulmus procera"
"77","Urera baccifera"
"78","Urera caracasana"
"79","Urera chlorocarpa"
"80","Urera glabra"
"81","Urera kaalae"
"82","Urera spp."
"83","Ungnadia speciosa"
"84","Vaccinium arboreum"
"85","Vangueria madagascariensis"
"86","Ulmus davidiana"
"87","Vavaea pauciflora"
"88","Banara vanderbiltii"
"89","Barringtonia asiatica"
"90","Barringtonia racemosa"
"91","Barringtonia samoensis"
"92","Barringtonia spp."
"93","Bastardiopsis eggersii"
"94","Bauhinia binata"
"95","Bauhinia monandra"
"96","Bauhinia multinervia"
"97","Bauhinia pauletia"
"98","Bauhinia purpurea"
"99","Bauhinia spp."
"100","Bauhinia tomentosa"
"101","Bauhinia variegata"
"102","Beilschmiedia pendula"
"103","Lindera subcoriacea"
"104","Bernardia dichotoma"
"105","Bischofia javanica"
"106","Bischofia spp."
"107","Bixa orellana"
"108","Bixa spp."
"109","Blighia sapida"
"110","Bauhinia lunarioides"
"111","Bobea brevipes"
"112","Bobea elatior"
"113","Bobea sandwicensis"
"114","Bobea spp."
"115","Bobea timonioides"
"116","Bocconia frutescens"
"117","Bocconia spp."
"118","Boehmeria virgata"
"119","Bontia daphnoides"
"120","Bauhinia x blakeana"
"121","Bourreria radula"
"122","Bourreria succulenta"
"123","Bourreria virgata"
"124","Brachychiton discolor"
"125","Brachychiton populneum"
"126","Broussaisia arguta"
"127","Broussonetia papyrifera"
"128","Brugmansia candida"
"129","Bruguiera gymnorhiza"
"130","Bruguiera parviflora"
"131","Bruguiera sexangula"
"132","Bruguiera spp."
"133","Brunellia comocladiifolia"
"134","Brunfelsia americana"
"135","Brunfelsia densifolia"
"136","Brunfelsia lactea"
"137","Brunfelsia portoricensis"
"138","Buchanania engleriana"
"139","Buchanania merrillii"
"140","Buchanania palawensis"
"141","Buchanania spp."
"142","Buchenavia tetraphylla"
"143","Bucida buceras"
"144","Buddleja asiatica"
"145","Bunchosia glandulifera"
"146","Bunchosia glandulosa"
"147","Bunchosia polystachia"
"148","Burckella richii"
"149","Buxus laevigata"
"150","Buxus portoricensis"
"151","Buxus vahlii"
"152","Byrsonima crassifolia"
"153","Byrsonima lucida"
"154","Byrsonima spicata"
"155","Byrsonima wadsworthii"
"156","Caesalpinia spp."
"157","Caesalpinia coriaria"
"158","Caesalpinia kavaiensis"
"159","Caesalpinia pulcherrima"
"160","Caesalpinia sappan"
"161","Calliandra surinamensis"
"162","Callicarpa ampla"
"163","Callistemon citrinus"
"164","Callistemon viminalis"
"165","Callitris columellaris"
"166","Caloncoba echinata"
"167","Calophyllum antillanum"
"168","Calophyllum inophyllum"
"169","Calophyllum neo-ebudicum"
"170","Calophyllum pelewense"
"171","Calophyllum soulattri"
"172","Calophyllum spp."
"173","Calotropis procera"
"174","Calotropis spp."
"175","Calycophyllum candidissimum"
"176","Calyptranthes kiaerskovii"
"177","Calyptranthes krugii"
"178","Calyptranthes luquillensis"
"179","Calyptranthes pallens"
"180","Calyptranthes portoricensis"
"181","Calyptranthes sintenisii"
"182","Calyptranthes thomasiana"
"183","Calyptranthes zuzygium"
"184","Calyptronoma rivalis"
"185","Campnosperma brevipetiolatum"
"186","Campnosperma brevipetiolata"
"187","Cananga odorata"
"188","Canarium mafoa"
"189","Canarium hirsutum"
"190","Canarium indicum"
"191","Canarium ovatum"
"192","Canarium spp."
"193","Canarium vitiense"
"194","Canarium vulgare"
"195","Canella winterana"
"196","Psydrax merrillii"
"197","Capparis amplissima"
"198","Capparis baducca"
"199","Capparis cynophallophora"
"200","Capparis flexuosa"
"201","Capparis hastata"
"202","Capparis indica"
"203","Carapa guianensis"
"204","Carica papaya"
"205","Carica spp."
"206","Carmona retusa"
"207","Carmona spp."
"208","Caryota mitis"
"209","Caryota spp."
"210","Caryota urens"
"211","Casearia aculeata"
"212","Casearia arborea"
"213","Casearia samoensis"
"214","Casearia cauliflora"
"215","Casearia decandra"
"216","Casearia guianensis"
"217","Casearia spp."
"218","Casearia sylvestris"
"219","Cassia fistula"
"220","Cassia grandis"
"221","Cassia javanica"
"222","Cassia leptophylla"
"223","Cassia siamea"
"224","Cassia spp."
"225","Cassine xylocarpa"
"226","Cassipourea guianensis"
"227","Castela erecta"
"228","Castilla elastica"
"229","Casuarina cunninghamiana"
"230","Casuarina equisetifolia"
"231","Casuarina litorea"
"232","Ilex mucronata"
"233","Catalpa longissima"
"234","Cecropia obtusifolia"
"235","Cecropia schreberiana"
"236","Cecropia spp."
"237","Cedrela odorata"
"238","Ceiba acuminata"
"239","Ceiba aesculifolia"
"240","Ceiba pentandra"
"241","Celtis paniculata"
"242","Celtis trinervia"
"243","Ceratonia siliqua"
"244","Celtis sinensis"
"245","Cerbera dilatata"
"246","Cerbera floribunda"
"247","Cerbera manghas"
"248","Cerbera odollam"
"249","Cerbera spp."
"250","Cereus hexagonus"
"251","Cereus hildmannianus"
"252","Cereus spp."
"253","Ceriops tagal"
"254","Cestrum aurantiacum"
"255","Cestrum diurnum"
"256","Cestrum laurifolium"
"257","Cestrum nocturnum"
"258","Cestrum spp."
"259","Ostrya knowltonii"
"260","Chamaerops humilis"
"261","Chamaesyce articulata"
"262","Chamaesyce atrococca"
"263","Chamaesyce celastroides"
"264","Chamaesyce herbstii"
"265","Chamaesyce kuwaleana"
"266","Chamaesyce olowaluana"
"267","Chamaesyce rockii"
"268","Chamaesyce spp."
"269","Charpentiera densiflora"
"270","Charpentiera elliptica"
"271","Charpentiera obovata"
"272","Charpentiera ovata"
"273","Charpentiera spp."
"274","Charpentiera tomentosa"
"275","Cheirodendron dominii"
"276","Cheirodendron fauriei"
"277","Cheirodendron forbesii"
"278","Cheirodendron platyphyllum"
"279","Persea palustris"
"280","Cheirodendron spp."
"281","Cheirodendron trigynum"
"282","Phellodendron amurense"
"283","Chenopodium oahuense"
"284","Chenopodium spp."
"285","Chionanthus axilliflorus"
"286","Chionanthus compactus"
"287","Chionanthus domingensis"
"288","Chionanthus holdridgei"
"289","Chionanthus ligustrinus"
"290","Chionanthus retusus"
"291","Chionanthus vitiensis"
"292","Chione seminervis"
"293","Chione venosa"
"294","Chlorophora excelsa"
"295","Chorisia speciosa"
"296","Picea glehnii"
"297","Chrysobalanus icaco"
"298","Picea omorika"
"299","Chrysophyllum argenteum"
"300","Chrysophyllum cainito"
"301","Chrysophyllum oliviforme"
"302","Chrysophyllum pauciflorum"
"303","Cibotium x heleniae"
"304","Cibotium chamissoi"
"305","Cibotium glaucum"
"306","Cibotium menziesii"
"307","Cibotium spp."
"308","Cinchona pubescens"
"309","Cinchona spp."
"310","Cinnamomum aromaticum"
"311","Cinnamomum burmannii"
"312","Cinnamomum carolinense"
"313","Cinnamomum elongatum"
"314","Cinnamomum montanum"
"315","Cinnamomum pedatinervium"
"316","Cinnamomum sessilifolium"
"317","Cinnamomum spp."
"318","Cinnamomum verum"
"319","Citharexylum caudatum"
"320","Citharexylum spinosum"
"321","Citharexylum spp."
"322","Citharexylum tristachyum"
"323","Citronella samoensis"
"324","Citrus aurantifolia"
"325","Citrus x aurantiifolia"
"326","Citrus x aurantium"
"327","Citrus x limon"
"328","Citrus x paradisi"
"329","Citrus x sinensis"
"330","Citrus grandis"
"331","Citrus hystrix"
"332","Citrus macroptera"
"333","Citrus maxima"
"334","Citrus medica"
"335","Citrus mitis"
"336","Citrus reticulata"
"337","Claoxylon carolinianum"
"338","Claoxylon fallax"
"339","Claoxylon longiracemosum"
"340","Claoxylon marianum"
"341","Claoxylon sandwicense"
"342","Claoxylon spp."
"343","Cleistanthus carolinianus"
"344","Cleistanthus insularis"
"345","Cleistanthus spp."
"346","Clermontia x leptoclada"
"347","Clermontia arborescens"
"348","Clermontia clermontioides"
"349","Veitchia merrillii"
"350","Sterculia ponapensis"
"351","Vernicia montana"
"352","Vernicia spp."
"353","Vitex agnus-castus"
"354","Vitex cofassus"
"355","Vitex divaricata"
"356","Vitex parviflora"
"357","Vitex spp."
"358","Vitex trifolia"
"359","Viburnum lentago"
"360","Viburnum prunifolium"
"361","Viburnum rufidulum"
"362","Viburnum sieboldii"
"363","Wallenia lamarckiana"
"364","Washingtonia filifera"
"365","Wedelia biflora"
"366","Washingtonia robusta"
"367","Weinmannia affinis"
"368","Weinmannia pinnata"
"369","Wikstroemia bicornuta"
"370","Wikstroemia furcata"
"371","Wikstroemia monticola"
"372","Wikstroemia oahuensis"
"373","Wikstroemia phillyreifolia"
"374","Wikstroemia pulcherrima"
"375","Wikstroemia sandwicensis"
"376","Wikstroemia skottsbergiana"
"377","Wikstroemia spp."
"378","Wikstroemia villosa"
"379","Ximenia americana"
"380","Xylosma congestum"
"381","Xylocarpus granatum"
"382","Xylocarpus moluccensis"
"383","Xylocarpus spp."
"384","Xylosma buxifolia"
"385","Xylosma crenata"
"386","Xylosma hawaiiensis"
"387","Xylosma nelsonii"
"388","Xylosma pachyphylla"
"389","Xylosma samoensis"
"390","Xylosma schaefferioides"
"391","Xylosma schwaneckeana"
"392","Xylococcus bicolor"
"393","Xylosma spp."
"394","Yucca aloifolia"
"395","Yucca faxoniana"
"396","Yucca gloriosa"
"397","Yucca guatemalensis"
"398","Zanthoxylum bifoliolatum"
"399","Zanthoxylum caribaeum"
"400","Zanthoxylum dipetalum"
"401","Zanthoxylum flavum"
"402","Zanthoxylum hawaiiense"
"403","Zanthoxylum kauaense"
"404","Zanthoxylum martinicense"
"405","Zanthoxylum monophyllum"
"406","Zanthoxylum oahuense"
"407","Zanthoxylum punctatum"
"408","Zanthoxylum spinifex"
"409","Zanthoxylum spp."
"410","Zanthoxylum thomasianum"
"411","Zapoteca portoricensis"
"412","Ziziphus mauritiana"
"413","Ziziphus reticulata"
"414","Ziziphus rignonii"
"415","Zanthoxylum americanum"
"416","Ziziphus taylorii"
"417","Zanthoxylum clava-herculis"
"418","Ziziphus zizyphus"
"419","Davidia involucrata"
"420","Eucommia ulmoides"
"421","Maackia amurensis"
"422","Parrotia persica"
"423","Abies spp."
"424","Abies amabilis"
"425","Abies balsamea"
"426","Abies bracteata"
"427","Abies concolor"
"428","Abies fraseri"
"429","Abies grandis"
"430","Abies lasiocarpa var. arizonica"
"431","Abies lasiocarpa"
"432","Abies magnifica"
"433","Abies shastensis"
"434","Abies procera"
"435","Chamaecyparis spp."
"436","Chamaecyparis lawsoniana"
"437","Chamaecyparis nootkatensis"
"438","Chamaecyparis thyoides"
"439","Cupressus spp."
"440","Cupressus arizonica"
"441","Cupressus bakeri"
"442","Cupressus forbesii"
"443","Cupressus macrocarpa"
"444","Cupressus sargentii"
"445","Cupressus macnabiana"
"446","Juniperus spp."
"447","Juniperus pinchotii"
"448","Juniperus coahuilensis"
"449","Juniperus flaccida"
"450","Juniperus ashei"
"451","Juniperus californica"
"452","Juniperus deppeana"
"453","Juniperus occidentalis"
"454","Juniperus osteosperma"
"455","Juniperus scopulorum"
"456","Juniperus virginiana var. silicicola"
"457","Juniperus virginiana"
"458","Juniperus monosperma"
"459","Larix spp."
"460","Larix laricina"
"461","Larix lyallii"
"462","Larix occidentalis"
"463","Larix kaempferi"
"464","Larix sibirica"
"465","Calocedrus decurrens"
"466","Picea spp."
"467","Picea abies"
"468","Picea breweriana"
"469","Picea engelmannii"
"470","Picea glauca"
"471","Picea mariana"
"472","Picea pungens"
"473","Picea rubens"
"474","Picea sitchensis"
"475","Pinus spp."
"476","Pinus albicaulis"
"477","Pinus aristata"
"478","Pinus attenuata"
"479","Pinus balfouriana"
"480","Pinus banksiana"
"481","Pinus edulis"
"482","Pinus clausa"
"483","Pinus contorta"
"484","Pinus coulteri"
"485","Pinus echinata"
"486","Pinus elliottii"
"487","Pinus engelmannii"
"488","Pinus flexilis"
"489","Pinus strobiformis"
"490","Pinus glabra"
"491","Pinus jeffreyi"
"492","Pinus lambertiana"
"493","Pinus leiophylla"
"494","Pinus monticola"
"495","Pinus muricata"
"496","Pinus palustris"
"497","Pinus ponderosa"
"498","Pinus pungens"
"499","Pinus radiata"
"500","Pinus resinosa"
"501","Pinus rigida"
"502","Pinus sabiniana"
"503","Pinus serotina"
"504","Pinus strobus"
"505","Pinus sylvestris"
"506","Pinus taeda"
"507","Pinus virginiana"
"508","Pinus monophylla"
"509","Pinus discolor"
"510","Pinus arizonica"
"511","Pinus nigra"
"512","Pinus washoensis"
"513","Pinus quadrifolia"
"514","Pinus torreyana"
"515","Pinus cembroides"
"516","Pinus remota"
"517","Pinus longaeva"
"518","Pinus monophylla var. fallax"
"519","Pinus elliottii var. elliottii"
"520","Pseudotsuga spp."
"521","Pseudotsuga macrocarpa"
"522","Pseudotsuga menziesii"
"523","Sequoia sempervirens"
"524","Sequoiadendron giganteum"
"525","Taxodium spp."
"526","Taxodium distichum"
"527","Taxodium ascendens"
"528","Taxodium mucronatum"
"529","Taxus spp."
"530","Taxus brevifolia"
"531","Taxus floridana"
"532","Thuja spp."
"533","Thuja occidentalis"
"534","Thuja plicata"
"535","Torreya spp."
"536","Torreya californica"
"537","Torreya taxifolia"
"538","Tsuga spp."
"539","Tsuga canadensis"
"540","Tsuga caroliniana"
"541","Tsuga heterophylla"
"542","Tsuga mertensiana"
"543","Tree evergreen"
"544","Acacia spp."
"545","Acacia farnesiana"
"546","Acacia greggii"
"547","Acer spp."
"548","Acer barbatum"
"549","Acer macrophyllum"
"550","Acer negundo"
"551","Acer nigrum"
"552","Acer pensylvanicum"
"553","Acer rubrum"
"554","Acer saccharinum"
"555","Acer saccharum"
"556","Acer spicatum"
"557","Acer platanoides"
"558","Acer glabrum"
"559","Acer grandidentatum"
"560","Acer leucoderme"
"561","Acer buergerianum"
"562","Acer truncatum"
"563","Aesculus spp."
"564","Aesculus glabra"
"565","Aesculus flava"
"566","Aesculus californica"
"567","Aesculus glabra var. arguta"
"568","Aesculus x carnea"
"569","Aesculus pavia"
"570","Aesculus sylvatica"
"571","Ailanthus altissima"
"572","Albizia julibrissin"
"573","Alnus spp."
"574","Alnus rubra"
"575","Alnus rhombifolia"
"576","Alnus oblongifolia"
"577","Alnus glutinosa"
"578","Amelanchier spp."
"579","Amelanchier arborea"
"580","Amelanchier sanguinea"
"581","Arbutus spp."
"582","Arbutus menziesii"
"583","Arbutus arizonica"
"584","Arbutus xalapensis"
"585","Asimina triloba"
"586","Betula utilis"
"587","Betula spp."
"588","Betula alleghaniensis"
"589","Betula lenta"
"590","Betula nigra"
"591","Betula occidentalis"
"592","Betula papyrifera"
"593","Betula neoalaskana"
"594","Betula uber"
"595","Betula x utahensis"
"596","Betula populifolia"
"597","Sideroxylon lanuginosum ssp. lanuginosum"
"598","Carpinus japonica"
"599","Carpinus caroliniana"
"600","Carya spp."
"601","Carya aquatica"
"602","Carya cordiformis"
"603","Carya glabra"
"604","Carya illinoinensis"
"605","Carya laciniosa"
"606","Carya myristiciformis"
"607","Carya ovata"
"608","Carya texana"
"609","Carya alba"
"610","Carya pallida"
"611","Carya floridana"
"612","Carya ovalis"
"613","Carya carolinae-septentrionalis"
"614","Castanea spp."
"615","Castanea dentata"
"616","Castanea pumila"
"617","Castanea pumila var. ozarkensis"
"618","Castanea mollissima"
"619","Chrysolepis chrysophylla var. chrysophylla"
"620","Catalpa spp."
"621","Catalpa bignonioides"
"622","Catalpa speciosa"
"623","Celtis spp."
"624","Celtis laevigata"
"625","Celtis occidentalis"
"626","Celtis laevigata var. reticulata"
"627","Cercis canadensis"
"628","Cercocarpus ledifolius"
"629","Cladrastis kentukea"
"630","Cornus spp."
"631","Cornus florida"
"632","Cornus nuttallii"
"633","Crataegus spp."
"634","Crataegus crus-galli"
"635","Crataegus mollis"
"636","Crataegus brainerdii"
"637","Crataegus calpodendron"
"638","Crataegus chrysocarpa"
"639","Crataegus dilatata"
"640","Crataegus flabellata"
"641","Crataegus monogyna"
"642","Crataegus pedicellata"
"643","Eucalyptus spp."
"644","Eucalyptus globulus"
"645","Eucalyptus camaldulensis"
"646","Eucalyptus grandis"
"647","Eucalyptus robusta"
"648","Diospyros spp."
"649","Diospyros virginiana"
"650","Diospyros texana"
"651","Ehretia anacua"
"652","Fagus grandifolia"
"653","Fraxinus angustifolia"
"654","Fraxinus spp."
"655","Fraxinus americana"
"656","Fraxinus latifolia"
"657","Fraxinus nigra"
"658","Fraxinus pennsylvanica"
"659","Fraxinus profunda"
"660","Fraxinus quadrangulata"
"661","Fraxinus velutina"
"662","Fraxinus caroliniana"
"663","Fraxinus texensis"
"664","Gleditsia spp."
"665","Gleditsia aquatica"
"666","Gleditsia triacanthos"
"667","Gordonia lasianthus"
"668","Ginkgo biloba"
"669","Gymnocladus dioicus"
"670","Halesia spp."
"671","Halesia carolina"
"672","Halesia diptera"
"673","Halesia parviflora"
"674","Ilex opaca"
"675","Juglans spp."
"676","Juglans cinerea"
"677","Juglans nigra"
"678","Juglans hindsii"
"679","Juglans californica"
"680","Juglans microcarpa"
"681","Juglans major"
"682","Liquidambar styraciflua"
"683","Liriodendron tulipifera"
"684","Lithocarpus densiflorus"
"685","Maclura pomifera"
"686","Magnolia spp."
"687","Magnolia acuminata"
"688","Magnolia grandiflora"
"689","Magnolia virginiana"
"690","Magnolia macrophylla"
"691","Magnolia fraseri"
"692","Magnolia pyramidata"
"693","Magnolia tripetala"
"694","Malus spp."
"695","Malus fusca"
"696","Malus angustifolia"
"697","Malus coronaria"
"698","Malus ioensis"
"699","Morus spp."
"700","Morus alba"
"701","Morus rubra"
"702","Morus microphylla"
"703","Morus nigra"
"704","Nyssa spp."
"705","Nyssa aquatica"
"706","Nyssa ogeche"
"707","Nyssa sylvatica"
"708","Nyssa biflora"
"709","Ostrya virginiana"
"710","Oxydendrum arboreum"
"711","Paulownia tomentosa"
"712","Maytenus palauica"
"713","Osmoxylon truncatum"
"714","Persea spp."
"715","Persea borbonia"
"716","Planera aquatica"
"717","Platanus spp."
"718","Platanus racemosa"
"719","Platanus occidentalis"
"720","Platanus wrightii"
"721","Populus spp."
"722","Populus balsamifera"
"723","Populus deltoides"
"724","Populus grandidentata"
"725","Populus heterophylla"
"726","Populus deltoides ssp. monilifera"
"727","Populus tremuloides"
"728","Populus balsamifera ssp. trichocarpa"
"729","Populus fremontii"
"730","Populus angustifolia"
"731","Populus alba"
"732","Populus nigra"
"733","Prosopis spp."
"734","Prosopis glandulosa"
"735","Prosopis velutina"
"736","Prosopis pubescens"
"737","Prunus sargentii"
"738","Prunus spp."
"739","Prunus pensylvanica"
"740","Prunus serotina"
"741","Prunus virginiana"
"742","Prunus persica"
"743","Prunus nigra"
"744","Prunus americana"
"745","Prunus x subhirtella"
"746","Prunus emarginata"
"747","Prunus alleghaniensis"
"748","Prunus angustifolia"
"749","Prunus avium"
"750","Prunus cerasus"
"751","Prunus domestica"
"752","Prunus mahaleb"
"753","Quercus spp."
"754","Quercus agrifolia"
"755","Quercus alba"
"756","Quercus arizonica"
"757","Quercus bicolor"
"758","Quercus chrysolepis"
"759","Quercus coccinea"
"760","Quercus douglasii"
"761","Quercus sinuata var. sinuata"
"762","Quercus ellipsoidalis"
"763","Quercus emoryi"
"764","Quercus engelmannii"
"765","Quercus falcata"
"766","Quercus pagoda"
"767","Quercus gambelii"
"768","Quercus garryana"
"769","Quercus ilicifolia"
"770","Quercus imbricaria"
"771","Quercus kelloggii"
"772","Quercus laevis"
"773","Quercus laurifolia"
"774","Quercus lobata"
"775","Quercus lyrata"
"776","Quercus macrocarpa"
"777","Quercus marilandica"
"778","Quercus michauxii"
"779","Quercus muehlenbergii"
"780","Quercus nigra"
"781","Quercus texana"
"782","Quercus oblongifolia"
"783","Quercus palustris"
"784","Quercus phellos"
"785","Quercus prinus"
"786","Quercus rubra"
"787","Quercus shumardii"
"788","Quercus stellata"
"789","Quercus similis"
"790","Quercus velutina"
"791","Quercus virginiana"
"792","Quercus wislizeni"
"793","Quercus margarettiae"
"794","Quercus minima"
"795","Quercus incana"
"796","Quercus hypoleucoides"
"797","Quercus oglethorpensis"
"798","Quercus prinoides"
"799","Quercus grisea"
"800","Quercus rugosa"
"801","Quercus graciliformis"
"802","Amyris elemifera"
"803","Annona glabra"
"804","Bursera simaruba"
"805","Casuarina spp."
"806","Casuarina glauca"
"807","Casuarina lepidophloia"
"808","Cinnamomum camphora"
"809","Citharexylum fruticosum"
"810","Citrus spp."
"811","Coccoloba diversifolia"
"812","Colubrina elliptica"
"813","Cordia sebestena"
"814","Cupaniopsis anacardioides"
"815","Condalia hookeri"
"816","Ebenopsis ebano"
"817","Leucaena pulverulenta"
"818","Sophora affinis"
"819","Eugenia rhombea"
"820","Exothea paniculata"
"821","Ficus aurea"
"822","Ficus citrifolia"
"823","Guapira discolor"
"824","Hippomane mancinella"
"825","Lysiloma latisiliquum"
"826","Mangifera indica"
"827","Metopium toxiferum"
"828","Piscidia piscipula"
"829","Schefflera actinophylla"
"830","Sideroxylon foetidissimum"
"831","Sideroxylon salicifolium"
"832","Simarouba glauca"
"833","Syzygium cumini"
"834","Tamarindus indica"
"835","Robinia pseudoacacia"
"836","Robinia neomexicana"
"837","Acoelorraphe wrightii"
"838","Coccothrinax argentata"
"839","Cocos nucifera"
"840","Roystonea spp."
"841","Sabal mexicana"
"842","Sabal palmetto"
"843","Thrinax morrisii"
"844","Thrinax radiata"
"845","Areca spp."
"846","Sapindus saponaria var. drummondii"
"847","Salix spp."
"848","Salix amygdaloides"
"849","Salix nigra"
"850","Salix bebbiana"
"851","Salix bonplandiana"
"852","Salix caroliniana"
"853","Salix pyrifolia"
"854","Salix alba"
"855","Salix scouleriana"
"856","Salix x sepulcralis"
"857","Sassafras albidum"
"858","Sorbus spp."
"859","Sorbus americana"
"860","Sorbus aucuparia"
"861","Sorbus decora"
"862","Swietenia mahagoni"
"863","Tilia spp."
"864","Tilia americana"
"865","Tilia americana var. heterophylla"
"866","Tilia americana var. caroliniana"
"867","Ulmus spp."
"868","Ulmus alata"
"869","Ulmus americana"
"870","Ulmus crassifolia"
"871","Ulmus pumila"
"872","Ulmus rubra"
"873","Ulmus serotina"
"874","Ulmus thomasii"
"875","Umbellularia californica"
"876","Yucca brevifolia"
"877","Avicennia germinans"
"878","Conocarpus erectus"
"879","Laguncularia racemosa"
"880","Rhizophora mangle"
"881","Olneya tesota"
"882","Tamarix spp."
"883","Melaleuca quinquenervia"
"884","Melia azedarach"
"885","Triadica sebifera"
"886","Vernicia fordii"
"887","Cotinus obovatus"
"888","Elaeagnus angustifolia"
"889","Tree broadleaf"
"890","Tree unknown"
"891","Crataegus phaenopyrum"
"892","Crataegus succulenta"
"893","Crataegus uniflora"
"894","Acer campestre"
"895","Acer circinatum"
"896","Acer ginnala"
"897","Acer griseum"
"898","Acer mono"
"899","Acer palmatum"
"900","Acer pseudoplatanus"
"901","Acer tataricum"
"902","Acer x freemanii"
"903","Acer miyabei"
"904","Acer triflorum"
"905","Acer platanoides x truncatum"
"906","Aesculus hippocastanum"
"907","Aesculus parviflora"
"908","Alnus incana"
"909","Alnus cordata"
"910","Alnus serrulata"
"911","Alnus viridis"
"912","Amelanchier laevis"
"913","Aralia elata"
"914","Aralia spinosa"
"915","Asimina parviflora"
"916","Baccharis glomeruliflora"
"917","Baccharis halimifolia"
"918","Bactris gasipaes"
"919","Betula pendula"
"920","Betula platyphylla"
"921","Betula pubescens"
"922","Buddleja alternifolia"
"923","Butia capitata"
"924","Buxus sempervirens"
"925","Camellia japonica"
"926","Camellia sinensis"
"927","Caragana arborescens"
"928","Carpinus betulus"
"929","Castanea crenata"
"930","Castanea sativa"
"931","Catalpa ovata"
"932","Ceanothus velutinus"
"933","Cedrus atlantica"
"934","Cedrus libani"
"935","Cedrus deodara"
"936","Cephalanthus occidentalis"
"937","Cercidiphyllum japonicum"
"938","Cercis orbiculata"
"939","Chamaecyparis obtusa"
"940","Chamaecyparis pisifera"
"941","Chilopsis linearis"
"942","Fraxinus berlandieriana"
"943","Fraxinus excelsior"
"944","Fraxinus oxycarpa"
"945","Clerodendrum bungei"
"946","Clethra acuminata"
"947","Colutea arborescens"
"948","Cornus kousa"
"949","Corylus americana"
"950","Corylus colurna"
"951","Cotinus coggygria"
"952","Cudrania tricuspidata"
"953","Cupressocyparis leylandii"
"954","Cydonia oblonga"
"955","Euonymus alatus"
"956","Fagus sylvatica"
"957","Acacia anegadensis"
"958","Acacia aneura"
"959","Acacia auriculiformis"
"960","Acacia confusa"
"961","Acacia koa"
"962","Acacia koaia"
"963","Acacia macracantha"
"964","Acacia mangium"
"965","Acacia mearnsii"
"966","Acacia melanoxylon"
"967","Acacia muricata"
"968","Acacia nilotica"
"969","Acacia parramattensis"
"970","Acacia polyacantha"
"971","Acacia dealbata"
"972","Acacia decurrens"
"973","Acacia tortuosa"
"974","Acacia longifolia"
"975","Acacia verticillata"
"976","Acnistus arborescens"
"977","Acrocomia media"
"978","Adansonia digitata"
"979","Adelia ricinella"
"980","Adenanthera pavonina"
"981","Adenanthera spp."
"982","Aegiphila martinicensis"
"983","Afrocarpus falcatus"
"984","Afrocarpus gracilior"
"985","Agathis australis"
"986","Agathis robusta"
"987","Aglaia mariannensis"
"988","Aglaia palauensis"
"989","Aglaia ponapensis"
"990","Aglaia samoensis"
"991","Aglaia spp."
"992","Aidia cochinchinensis"
"993","Aidia racemosa"
"994","Ailanthus spp."
"995","Aiphanes minima"
"996","Albizia adinocephala"
"997","Albizia carbonaria"
"998","Albizia chinensis"
"999","Albizia falcataria"
"1000","Albizia lebbeck"
"1001","Albizia procera"
"1002","Albizia retusa"
"1003","Albizia saponaria"
"1004","Albizia spp."
"1005","Alchornea latifolia"
"1006","Alchorneopsis floribunda"
"1007","Filicium decipiens"
"1008","Alectryon macrococcus"
"1009","Alectryon spp."
"1010","Aleurites moluccana"
"1011","Aleurites spp."
"1012","Aleurites trisperma"
"1013","Allophylus crassinervis"
"1014","Allophylus racemosus"
"1015","Allophylus spp."
"1016","Allophylus ternatus"
"1017","Allophylus timorensis"
"1018","Alnus nepalensis"
"1019","Alphitonia carolinensis"
"1020","Alphitonia ponderosa"
"1021","Alphitonia spp."
"1022","Alphitonia zizyphoides"
"1023","Alsophila bryophila"
"1024","Alsophila portoricensis"
"1025","Alstonia macrophylla"
"1026","Alstonia pacifica"
"1027","Alstonia spp."
"1028","Amphitecna latifolia"
"1029","Amyris balsamifera"
"1030","Anacardium spp."
"1031","Anacardium occidentale"
"1032","Anacolosa glochidiiformis"
"1033","Anacolosa insularis"
"1034","Anadenanthera peregrina"
"1035","Andira inermis"
"1036","Angiopteris evecta"
"1037","Aniba bracteata"
"1038","Annona cherimola"
"1039","Annona diversifolia"
"1040","Annona montana"
"1041","Annona muricata"
"1042","Annona reticulata"
"1043","Annona spp."
"1044","Annona squamosa"
"1045","Antidesma excavatum"
"1046","Antidesma kapuae"
"1047","Antidesma bunius"
"1048","Antidesma kusaiense"
"1049","Antidesma platyphyllum"
"1050","Antidesma ponapense"
"1051","Antidesma pulvinatum"
"1052","Antidesma sphaerocarpum"
"1053","Antidesma spp."
"1054","Antirhea acutata"
"1055","Antirhea coriacea"
"1056","Antirhea inconspicua"
"1057","Antirhea lucida"
"1058","Antirhea obtusifolia"
"1059","Antirhea portoricensis"
"1060","Antirhea sintenisii"
"1061","Araucaria araucana"
"1062","Araucaria angustifolia"
"1063","Araucaria columnaris"
"1064","Araucaria excelsa"
"1065","Araucaria heterophylla"
"1066","Araucaria spp."
"1067","Archontophoenix alexandrae"
"1068","Archontophoenix cunninghamiana"
"1069","Ardisia elliptica"
"1070","Ardisia glauciflora"
"1071","Ardisia luquillensis"
"1072","Ardisia obovata"
"1073","Ardisia solanacea"
"1074","Ardisia spp."
"1075","Areca catechu"
"1076","Arenga pinnata"
"1077","Artocarpus altilis"
"1078","Artocarpus heterophyllus"
"1079","Artocarpus mariannensis"
"1080","Artocarpus nobilis"
"1081","Artocarpus odoratissimus"
"1082","Artocarpus spp."
"1083","Arytera brackenridgei"
"1084","Arbutus unedo"
"1085","Ascarina diffusa"
"1086","Astronidium kusaianum"
"1087","Astronidium navigatorum"
"1088","Astronidium palauense"
"1089","Astronidium pickeringii"
"1090","Astronidium samoense"
"1091","Astronidium spp."
"1092","Astronidium subcordata"
"1093","Atuna racemosa"
"1094","Averrhoa bilimbi"
"1095","Averrhoa carambola"
"1096","Averrhoa spp."
"1097","Avicennia alba"
"1098","Avicennia marina"
"1099","Avicennia spp."
"1100","Azadirachta indica"
"1101","Baccaurea taitensis"
"1102","Larix decidua"
"1103","Badusa palauensis"
"1104","Bambusa spp."
"1105","Bambusa vulgaris"
"1106","Banara portoricensis"
"1107","Beaucarnea recurvata"
"1108","Hura crepitans"
"1109","Hyeronima clusioides"
"1110","Hylocereus spp."
"1111","Hylocereus undatus"
"1112","Hymenaea courbaril"
"1113","Hypelate trifoliata"
"1114","Hyperbaena laurifolia"
"1115","Hypericum canariense"
"1116","Ilex anomala"
"1117","Ilex aquifolium"
"1118","Ilex cassine"
"1119","Ilex cookii"
"1120","Ilex guianensis"
"1121","Ilex macfadyenii"
"1122","Ilex nitida"
"1123","Ilex paraguariensis"
"1124","Ilex sideroxyloides"
"1125","Ilex sintenisii"
"1126","Ilex spp."
"1127","Ilex urbaniana"
"1128","Ilex urbaniana var. riedlaei"
"1129","Inga spp."
"1130","Ilex vomitoria"
"1131","Inga laurina"
"1132","Inga nobilis"
"1133","Inga edulis"
"1134","Inga vera"
"1135","Inocarpus fagifer"
"1136","Intsia bijuga"
"1137","Ixora ferrea"
"1138","Ixora thwaitesii"
"1139","Jacaranda mimosifolia"
"1140","Jacaranda spp."
"1141","Jacquinia armillaris"
"1142","Juniperus bermudiana"
"1143","Jacquinia berteroi"
"1144","Juniperus chinensis"
"1145","Jacquinia umbellata"
"1146","Jatropha curcas"
"1147","Jatropha hernandiifolia"
"1148","Jatropha multifida"
"1149","Jatropha spp."
"1150","Juglans jamaicensis"
"1151","Juglans regia"
"1152","Kayea pacifica"
"1153","Khaya anthotheca"
"1154","Khaya senegalensis"
"1155","Kigelia africana"
"1156","Kleinhovia hospita"
"1157","Koelreuteria bipinnata"
"1158","Koanophyllon polyodon"
"1159","Kokia cookei"
"1160","Kokia drynarioides"
"1161","Kokia kauaiensis"
"1162","Kokia lanceolata"
"1163","Kokia spp."
"1164","Krugiodendron ferreum"
"1165","Koelreuteria paniculata"
"1166","Kunzea ericoides"
"1167","Kunzea spp."
"1168","Labordia fagraeoidea"
"1169","Labordia hedyosmifolia"
"1170","Labordia hirtella"
"1171","Labordia kaalae"
"1172","Labordia lydgatei"
"1173","Labordia spp."
"1174","Labordia tinifolia"
"1175","Labordia triflora"
"1176","Labordia waiolani"
"1177","Laetia procera"
"1178","Laburnum anagyroides"
"1179","Lagerstroemia indica"
"1180","Lagerstroemia speciosa"
"1181","Lansium domesticum"
"1182","Laplacea portoricensis"
"1183","Latania loddigesii"
"1184","Lawsonia inermis"
"1185","Leandra krugiana"
"1186","Leptocereus quadricostatus"
"1187","Leptospermum morrisonii"
"1188","Leptospermum petersonii"
"1189","Leptospermum polygalifolim"
"1190","Leptospermum scoparium"
"1191","Leptospermum spp."
"1192","Schleinitzia fosbergii"
"1193","Leucaena leucocephala"
"1194","Leucaena spp."
"1195","Leucaena retusa"
"1196","Maytenus elongata"
"1197","Maytenus laevigata"
"1198","Maytenus ponceana"
"1199","Maytenus thompsonii"
"1200","Mecranium latifolium"
"1201","Medusanthera carolinensis"
"1202","Medusanthera samoensis"
"1203","Medusanthera spp."
"1204","Melaleuca spp."
"1205","Melanolepis multiglandulosa"
"1206","Melastoma candidum"
"1207","Melastoma sanguineum"
"1208","Melaleuca linariifolia"
"1209","Melia spp."
"1210","Melicoccus bijugatus"
"1211","Melicope vatiana"
"1212","Melicope anisata"
"1213","Melicope balloui"
"1214","Melicope barbigera"
"1215","Melicope christophersenii"
"1216","Melicope cinerea"
"1217","Melicope clusiifolia"
"1218","Melicope cruciata"
"1219","Melicope elliptica"
"1220","Melicope haleakalae"
"1221","Melicope haupuensis"
"1222","Melicope hawaiensis"
"1223","Melicope hiiakae"
"1224","Melicope hosakae"
"1225","Melicope kaalaensis"
"1226","Melicope knudsenii"
"1227","Melicope macropus"
"1228","Melicope makahae"
"1229","Melicope molokaiensis"
"1230","Melicope mucronulata"
"1231","Melicope oahuensis"
"1232","Melicope obovata"
"1233","Melicope orbicularis"
"1234","Melicope ovalis"
"1235","Melicope ovata"
"1236","Melicope pallida"
"1237","Melicope paniculata"
"1238","Melicope peduncularis"
"1239","Melicope pseudoanisata"
"1240","Melicope puberula"
"1241","Melicope quadrangularis"
"1242","Melicope radiata"
"1243","Melicope latifolia"
"1244","Melicope rotundifolia"
"1245","Melicope saint-johnii"
"1246","Melicope sandwicensis"
"1247","Melicope spp."
"1248","Melicope volcanica"
"1249","Melicope waialealae"
"1250","Melicope wawraeana"
"1251","Melicope zahlbruckneri"
"1252","Melicytus samoensis"
"1253","Meliosma herbertii"
"1254","Meliosma obtusifolia"
"1255","Melochia aristata"
"1256","Melochia spp."
"1257","Melochia tomentosa"
"1258","Melochia umbellata"
"1259","Melochia villosissima var. compacta"
"1260","Melochia villosissima var. villosissima"
"1261","Merrilliodendron megacarpum"
"1262","Meryta macrophylla"
"1263","Meryta senfftiana"
"1264","Meryta spp."
"1265","Metasequoia glyptostroboides"
"1266","Metrosideros collina"
"1267","Metrosideros macropus"
"1268","Metrosideros polymorpha"
"1269","Metrosideros rugosa"
"1270","Metrosideros spp."
"1271","Metrosideros tremuloides"
"1272","Metrosideros waialealae"
"1273","Metroxylon amicarum"
"1274","Metroxylon sagu"
"1275","Metroxylon spp."
"1276","Michelia champaca"
"1277","Miconia lanata"
"1278","Miconia affinis"
"1279","Miconia calvescens"
"1280","Miconia foveolata"
"1281","Miconia impetiolaris"
"1282","Miconia laevigata"
"1283","Miconia mirabilis"
"1284","Miconia pachyphylla"
"1285","Miconia prasina"
"1286","Miconia punctata"
"1287","Miconia pycnoneura"
"1288","Miconia racemosa"
"1289","Miconia rubiginosa"
"1290","Miconia serrulata"
"1291","Miconia sintenisii"
"1292","Miconia subcorymbosa"
"1293","Miconia tetrandra"
"1294","Miconia thomasiana"
"1295","Micromelum minutum"
"1296","Micropholis garciniifolia"
"1297","Micropholis guyanensis"
"1298","Millettia pinnata"
"1299","Mimosa arenosa"
"1300","Mimusops elengi"
"1301","Monodora spp."
"1302","Montanoa hibiscifolia"
"1303","Montanoa spp."
"1304","Morella cerifera"
"1305","Morella faya"
"1306","Morella holdridgeana"
"1307","Morella spp."
"1308","Morinda citrifolia"
"1309","Morinda latibractea"
"1310","Morinda pedunculata"
"1311","Morinda spp."
"1312","Morinda trimera"
"1313","Moringa oleifera"
"1314","Morisonia americana"
"1315","Myoporum laetum"
"1316","Mouriri domingensis"
"1317","Mouriri helleri"
"1318","Munroidendron racemosum"
"1319","Muntingia calabura"
"1320","Muntingia spp."
"1321","Murraya exotica"
"1322","Murraya koenigii"
"1323","Musa x paradisiaca"
"1324","Musa coccinea"
"1325","Musa nana"
"1326","Musa sapientum"
"1327","Musa spp."
"1328","Musa textilis"
"1329","Musa tikap"
"1330","Musa troglodytarum"
"1331","Mussaenda frondosa"
"1332","Mussaenda raiateensis"
"1333","Mussaenda spp."
"1334","Myoporum sandwicense"
"1335","Myoporum spp."
"1336","Myrcia citrifolia"
"1337","Myrcia deflexa"
"1338","Myrcia fallax"
"1339","Myrcia leptoclada"
"1340","Myrcia paganii"
"1341","Myrcia splendens"
"1342","Myrcia spp."
"1343","Myrcianthes fragrans"
"1344","Myrciaria cauliflora"
"1345","Myrciaria floribunda"
"1346","Myrica rubra"
"1347","Myrica spp."
"1348","Myristica hypargyraea"
"1349","Myristica insularis"
"1350","Myristica spp."
"1351","Myrospermum frutescens"
"1352","Myristica inutilis"
"1353","Myroxylon balsamum"
"1354","Myrsine alyxifolia"
"1355","Myrsine coriacea"
"1356","Myrsine cubana"
"1357","Myrsine degeneri"
"1358","Myrsine emarginata"
"1359","Myrsine fernseei"
"1360","Myrsine fosbergii"
"1361","Myrsine helleri"
"1362","Myrsine kauaiensis"
"1363","Myrsine knudsenii"
"1364","Myrsine lanaiensis"
"1365","Myrsine lessertiana"
"1366","Myrsine mezii"
"1367","Myrsine petiolata"
"1368","Myrsine pukooensis"
"1369","Myrsine sandwicensis"
"1370","Myrsine spp."
"1371","Myrsine wawraea"
"1372","Myrsine palauensis"
"1373","Nectandra coriacea"
"1374","Nectandra hihua"
"1375","Nectandra krugii"
"1376","Nectandra membranacea"
"1377","Nectandra patens"
"1378","Nectandra turbacensis"
"1379","Neea buxifolia"
"1380","Neisosperma oppositifolia"
"1381","Neolamarckia cadamba"
"1382","Neolaugeria resinosa"
"1383","Neonauclea forsteri"
"1384","Nephelium lappaceum"
"1385","Nephelium ramboutan-ake"
"1386","Neraudia melastomifolia"
"1387","Nerium oleander"
"1388","Nesoluma polynesicum"
"1389","Nestegis sandwicensis"
"1390","Nestegis spp."
"1391","Neuburgia celebica"
"1392","Nicotiana glauca"
"1393","Nicotiana spp."
"1394","Nothocestrum breviflorum"
"1395","Nothocestrum latifolium"
"1396","Nothocestrum longifolium"
"1397","Nothocestrum peltatum"
"1398","Nothocestrum spp."
"1399","Nototrichium humile"
"1400","Nototrichium sandwicense"
"1401","Nypa fruticans"
"1402","Ochna mossambicensis"
"1403","Ochna spp."
"1404","Ochna thomasiana"
"1405","Ochroma pyramidale"
"1406","Ochrosia compta"
"1407","Ochrosia haleakalae"
"1408","Ochrosia kauaiensis"
"1409","Ochrosia kilaueaensis"
"1410","Ochrosia spp."
"1411","Ochrosia mariannensis"
"1412","Ocotea floribunda"
"1413","Ocotea foeniculacea"
"1414","Ocotea leucoxylon"
"1415","Ocotea moschata"
"1416","Ocotea nemodaphne"
"1417","Ocotea portoricensis"
"1418","Oleandra neriiformis"
"1419","Ocotea spathulata"
"1420","Ocotea wrightii"
"1421","Olea europaea"
"1422","Olea spp."
"1423","Homalanthus acuminatus"
"1424","Homalanthus nutans"
"1425","Homalanthus spp."
"1426","Ophiorrhiza palauensis"
"1427","Opuntia cochenillifera"
"1428","Opuntia ficus-indica"
"1429","Opuntia monacantha"
"1430","Opuntia spp."
"1431","Ormosia calavensis"
"1432","Ormosia krugii"
"1433","Osmoxylon oliveri"
"1434","Osmoxylon pachyphyllum"
"1435","Osmoxylon spp."
"1436","Ottoschulzia rhodoxylon"
"1437","Ouratea ilicifolia"
"1438","Ouratea littoralis"
"1439","Ouratea striata"
"1440","Oxandra lanceolata"
"1441","Oxandra laurifolia"
"1442","Pachira aquatica"
"1443","Pachira insignis"
"1444","Palaquium stehlinii"
"1445","Palicourea alpina"
"1446","Palicourea crocea"
"1447","Palicourea croceoides"
"1448","Palicourea guianensis"
"1449","Pandanus japensis"
"1450","Pandanus aimiriikensis"
"1451","Pandanus cominsii"
"1452","Pandanus compressus"
"1453","Pandanus cylindricus"
"1454","Pandanus dilatatus"
"1455","Pandanus divergens"
"1456","Pandanus dubius"
"1457","Pandanus duriocarpus"
"1458","Pandanus enchabiensis"
"1459","Pandanus fischerianus"
"1460","Pandanus fragrans"
"1461","Pandanus hosinoi"
"1462","Pandanus jaluitensis"
"1463","Pandanus kanehirae"
"1464","Pandanus korrensis"
"1465","Pandanus lakatwa"
"1466","Pandanus laticanaliculatus"
"1467","Pandanus macrocephalus"
"1468","Pandanus macrojeanneretia"
"1469","Pandanus menne"
"1470","Palaquium karrak"
"1471","Pandanus odontoides"
"1472","Pandanus palawensis"
"1473","Pandanus patina"
"1474","Pandanus peliliuensis"
"1475","Pandanus ponapensis"
"1476","Pandanus pulposus"
"1477","Pandanus rectangulatus"
"1478","Pandanus reineckei"
"1479","Pandanus rotundatus"
"1480","Pandanus spp."
"1481","Pandanus tectorius"
"1482","Pandanus tolotomensis"
"1483","Pandanus trukensis"
"1484","Pandanus utilis"
"1485","Pandanus variegatus"
"1486","Pangium edule"
"1487","Pandanus obliquus"
"1488","Parathesis crenulata"
"1489","Parinari insularum"
"1490","Parinari laurina"
"1491","Parinari spp."
"1492","Parkia spp."
"1493","Parkia korom"
"1494","Parkia parvifoliola"
"1495","Parkia timoriana"
"1496","Parkinsonia aculeata"
"1497","Parkinsonia spp."
"1498","Parmentiera aculeata"
"1499","Parmentiera cereifera"
"1500","Parkinsonia texana"
"1501","Peltophorum pterocarpum"
"1502","Pemphis acidula"
"1503","Pentadesma butyracea"
"1504","Pera bumeliifolia"
"1505","Pericopsis mooniana"
"1506","Perrottetia sandwicensis"
"1507","Persea krugii"
"1508","Persea urbaniana"
"1509","Petitia domingensis"
"1510","Phialanthus grandifolius"
"1511","Phialanthus myrtilloides"
"1512","Phaleria nisidai"
"1513","Phoenix roebelenii"
"1514","Phoenix canariensis"
"1515","Phoenix dactylifera"
"1516","Phoenix spp."
"1517","Phoenix sylvestris"
"1518","Photinia davidiana"
"1519","Photinia x fraseri"
"1520","Phyllanthus acidus"
"1521","Phyllanthus distichus"
"1522","Phyllanthus juglandifolius"
"1523","Phyllanthus orbicularis"
"1524","Picramnia pentandra"
"1525","Picrasma excelsa"
"1526","Pictetia aculeata"
"1527","Pilocarpus racemosus"
"1528","Pilosocereus royenii"
"1529","Pimenta dioica"
"1530","Pimenta racemosa"
"1531","Pimenta racemosa var. grisea"
"1532","Pimenta spp."
"1533","Pinanga insignis"
"1534","Pinus roxburghii"
"1535","Pinus caribaea"
"1536","Pinus massoniana"
"1537","Pinus merkusii"
"1538","Pinus oocarpa"
"1539","Pinus patula"
"1540","Pinus pinaster"
"1541","Pinus densiflora"
"1542","Piper aduncum"
"1543","Piper amalago"
"1544","Piper blattarum"
"1545","Piper glabrescens"
"1546","Piper hispidum"
"1547","Piper jacquemontianum"
"1548","Piper marginatum"
"1549","Pinus parviflora"
"1550","Pinus thunbergii"
"1551","Piper swartzianum"
"1552","Pinus bungeana"
"1553","Pinus canariensis"
"1554","Pinus halepensis"
"1555","Pinus pinea"
"1556","Pipturus albidus"
"1557","Pipturus argenteus"
"1558","Pipturus spp."
"1559","Piscidia carthagenensis"
"1560","Piscidia spp."
"1561","Pisonia albida"
"1562","Pisonia brunoniana"
"1563","Pisonia grandis"
"1564","Pisonia sandwicensis"
"1565","Pisonia spp."
"1566","Pisonia subcordata"
"1567","Pisonia umbellifera"
"1568","Pisonia wagneriana"
"1569","Pistacia chinensis"
"1570","Pithecellobium dulce"
"1571","Pittosporum tobira"
"1572","Pithecellobium unguis-cati"
"1573","Pittosporum monae"
"1574","Pittosporum ferrugineum"
"1575","Pittosporum argentifolium"
"1576","Pittosporum confertiflorum"
"1577","Pittosporum flocculosum"
"1578","Pittosporum gayanum"
"1579","Pittosporum glabrum"
"1580","Pittosporum halophilum"
"1581","Pittosporum hawaiiense"
"1582","Pittosporum hosmeri"
"1583","Pittosporum kauaiense"
"1584","Pittosporum napaliense"
"1585","Pittosporum pentandrum"
"1586","Pittosporum spp."
"1587","Pittosporum terminalioides"
"1588","Pittosporum undulatum"
"1589","Pittosporum viridiflorum"
"1590","Planchonella garberi"
"1591","Planchonella grayana"
"1592","Planchonella linggensis"
"1593","Planchonella samoensis"
"1594","Planchonella spp."
"1595","Planchonella torricellensis"
"1596","Platycladus orientalis"
"1597","Platydesma remyi"
"1598","Platydesma spathulata"
"1599","Platydesma spp."
"1600","Platanus hybrida"
"1601","Platanus orientalis"
"1602","Pleodendron macranthum"
"1603","Platanus mexicana"
"1604","Pleomele aurea"
"1605","Pleomele auwahiensis"
"1606","Pleomele fernaldii"
"1607","Pleomele forbesii"
"1608","Pleomele halapepe"
"1609","Pleomele hawaiiensis"
"1610","Pleomele spp."
"1611","Plumeria alba"
"1612","Plumeria obtusa"
"1613","Plumeria obtusa var. obtusa"
"1614","Plumeria rubra"
"1615","Plumeria spp."
"1616","Podocarpus coriaceus"
"1617","Podocarpus macrophyllus"
"1618","Poitea florida"
"1619","Poitea punicea"
"1620","Polygala cowellii"
"1621","Polygala penaea"
"1622","Polyscias grandifolia"
"1623","Polyscias guilfoylei"
"1624","Polyscias macgillivrayi"
"1625","Polyscias nodosa"
"1626","Polyscias samoensis"
"1627","Polyscias scutellaria"
"1628","Polyscias spp."
"1629","Pometia pinnata"
"1630","Ponapea hosinoi"
"1631","Ponapea ledermanniana"
"1632","Ponapea spp."
"1633","Pongamia pinnata"
"1634","Poncirus trifoliata"
"1635","Pouteria caimito"
"1636","Pouteria calcarea"
"1637","Pouteria campechiana"
"1638","Pouteria dictyoneura"
"1639","Pouteria hotteana"
"1640","Pouteria multiflora"
"1641","Planchonella obovata"
"1642","Pouteria sandwicensis"
"1643","Pouteria sapota"
"1644","Pouteria spp."
"1645","Premna obtusifolia"
"1646","Premna pubescens"
"1647","Premna serratifolia"
"1648","Premna spp."
"1649","Prestoea acuminata"
"1650","Populus x canadensis"
"1651","Populus x canescens"
"1652","Pritchardia affinis"
"1653","Pritchardia arecina"
"1654","Pritchardia beccariana"
"1655","Pritchardia forbesiana"
"1656","Pritchardia hardyi"
"1657","Pritchardia hillebrandii"
"1658","Pritchardia kaalae"
"1659","Pritchardia lanaiensis"
"1660","Pritchardia lanigera"
"1661","Pritchardia limahuliensis"
"1662","Pritchardia lowreyana"
"1663","Pritchardia martii"
"1664","Pritchardia minor"
"1665","Pritchardia munroi"
"1666","Pritchardia pacifica"
"1667","Pritchardia perlmanii"
"1668","Pritchardia remota"
"1669","Pritchardia schattaueri"
"1670","Pritchardia spp."
"1671","Pritchardia viscosa"
"1672","Pritchardia waialealeana"
"1673","Prockia crucis"
"1674","Procris pedunculata"
"1675","Prosopis cineraria"
"1676","Prosopis juliflora"
"1677","Prosopis pallida"
"1678","Prunus caroliniana"
"1679","Prunus myrtifolia"
"1680","Prunus occidentalis"
"1681","Prunus cerasifera"
"1682","Prunus serotina ssp. capuli"
"1683","Prunus armeniaca"
"1684","Prunus dulcis"
"1685","Pseudolmedia spuria"
"1686","Pseudophoenix sargentii"
"1687","Psidium amplexicaule"
"1688","Psidium cattleianum"
"1689","Psidium guajava"
"1690","Prunus x yedoensis"
"1691","Psidium longipes"
"1692","Psidium sintenisii"
"1693","Prunus salicina"
"1694","Psychotria berteriana"
"1695","Psychotria brachiata"
"1696","Psychotria brownei"
"1697","Psychotria domingensis"
"1698","Psychotria fauriei"
"1699","Psychotria grandiflora"
"1700","Psychotria grandis"
"1701","Psychotria carolinensis"
"1702","Psychotria greenwelliae"
"1703","Psychotria hathewayi"
"1704","Psychotria hawaiiensis"
"1705","Psychotria hexandra"
"1706","Psychotria hexandra ssp. oahuensis"
"1707","Psychotria hobdyi"
"1708","Psychotria insularum"
"1709","Psychotria kaduana"
"1710","Psychotria maleolens"
"1711","Psychotria mariana"
"1712","Psychotria maricaensis"
"1713","Psychotria mariniana"
"1714","Psychotria mauiensis"
"1715","Psychotria microdon"
"1716","Psychotria nutans"
"1717","Psychotria pubescens"
"1718","Psychotria rhombocarpa"
"1719","Psychotria rotensis"
"1720","Psychotria spp."
"1721","Psychotria wawrae"
"1722","Psydrax odorata"
"1723","Ptelea trifoliata"
"1724","Pteralyxia kauaiensis"
"1725","Pteralyxia macrocarpa"
"1726","Pteralyxia spp."
"1727","Pterocarpus indicus"
"1728","Pterocarpus macrocarpus"
"1729","Pterocarpus marsupium"
"1730","Pterocarpus officinalis"
"1731","Pterocarya stenoptera"
"1732","Ptychococcus ledermannianus"
"1733","Psychotria cheathamiana"
"1734","Ptychosperma macarthuri"
"1735","Ptychosperma palauense"
"1736","Ptychosperma spp."
"1737","Punica granatum"
"1738","Pyrus spp."
"1739","Pyrus calleryana"
"1740","Quararibea turbinata"
"1741","Pyrus communis"
"1742","Quercus suber"
"1743","Randia aculeata"
"1744","Pyrus pyrifolia"
"1745","Quercus acutissima"
"1746","Quercus austrina"
"1747","Rapanea myricifolia"
"1748","Rauvolfia vomitoria"
"1749","Rauvolfia insularis"
"1750","Rauvolfia nitida"
"1751","Rauvolfia sandwicensis"
"1752","Rauvolfia spp."
"1753","Ravenala madagascariensis"
"1754","Quercus cerris"
"1755","Quercus fusiformis"
"1756","Ravenia urbanii"
"1757","Reynoldsia lanutoensis"
"1758","Quercus geminata"
"1759","Reynoldsia sandwicensis"
"1760","Reynoldsia spp."
"1761","Reynosia guama"
"1762","Reynosia krugii"
"1763","Reynosia uncinata"
"1764","Quercus hemisphaerica"
"1765","Quercus ilex"
"1766","Quercus pungens"
"1767","Quercus tardifolia"
"1768","Rheedia edulis"
"1769","Quercus toumeyi"
"1770","Rhizophora apiculata"
"1771","Quercus turbinella"
"1772","Rhizophora lamarckii"
"1773","Quercus vaseyana"
"1774","Rhizophora mucronata"
"1775","Rhizophora spp."
"1776","Rhizophora stylosa"
"1777","Rhodomyrtus spp."
"1778","Rhodomyrtus tomentosa"
"1779","Rhus sandwicensis"
"1780","Rhus spp."
"1781","Rhus taitensis"
"1782","Rhus lancea"
"1783","Rhododendron catawbiense"
"1784","Ricinus communis"
"1785","Ricinus spp."
"1786","Rinorea carolinensis"
"1787","Rhus copallinum"
"1788","Rochefortia acanthophora"
"1789","Rhus glabra"
"1790","Rochefortia spinosa"
"1791","Rhus lanceolata"
"1792","Rollinia deliciosa"
"1793","Rollinia mucosa"
"1794","Rondeletia inermis"
"1795","Rondeletia pilosa"
"1796","Rondeletia portoricensis"
"1797","Robinia hispida"
"1798","Quercus sinuata var. breviloba"
"1799","Roystonea borinquena"
"1800","Roystonea elata"
"1801","Roystonea oleracea"
"1802","Quercus robusta"
"1803","Sabal causiarum"
"1804","Sabal minor"
"1805","Sagraea umbrosa"
"1806","Salix humboldtiana"
"1807","Salix discolor"
"1808","Samadera indica"
"1809","Salix lasiolepis"
"1810","Samanea saman"
"1811","Samanea spp."
"1812","Salix sitchensis"
"1813","Salix gooddingii"
"1814","Sambucus nigra"
"1815","Sambucus spp."
"1816","Quercus gravesii"
"1817","Quercus polymorpha"
"1818","Quercus buckleyi"
"1819","Quercus laceyi"
"1820","Sandoricum koetjape"
"1821","Santalum ellipticum"
"1822","Santalum freycinetianum"
"1823","Santalum album"
"1824","Salix lutea"
"1825","Santalum haleakalae"
"1826","Santalum paniculatum"
"1827","Salix planifolia"
"1828","Salix sericea"
"1829","Santalum salicifolium"
"1830","Santalum spp."
"1831","Sambucus nigra ssp. nigra"
"1832","Sapindus oahuense"
"1833","Sapindus saponaria"
"1834","Sapindus spp."
"1835","Sapindus vitiensis"
"1836","Sapium glandulosum"
"1837","Sapium indicum"
"1838","Sapium laurifolium"
"1839","Sapium laurocerasus"
"1840","Sarcopygme pacifica"
"1841","Savia sessiliflora"
"1842","Scaevola cerasifolia"
"1843","Scaevola chamissoniana"
"1844","Scaevola gaudichaudiana"
"1845","Scaevola procera"
"1846","Scaevola spp."
"1847","Schefflera kraemeri"
"1848","Schaefferia frutescens"
"1849","Schaefferia spp."
"1850","Samyda dodecandra"
"1851","Schefflera gleasonii"
"1852","Schefflera morototonii"
"1853","Schefflera samoensis"
"1854","Scaevola taccada"
"1855","Schinus molle"
"1856","Schinus terebinthifolius"
"1857","Schizolobium parahybum"
"1858","Schleichera oleosa"
"1859","Schoepfia arenaria"
"1860","Schoepfia obovata"
"1861","Schoepfia schreberi"
"1862","Scyphiphora hydrophyllacea"
"1863","Securinega flexuosa"
"1864","Semecarpus kraemeri"
"1865","Semecarpus venenosa"
"1866","Senna alata"
"1867","Senna atomaria"
"1868","Senna gaudichaudii"
"1869","Senna multijuga"
"1870","Senna pendula"
"1871","Senna polyphylla"
"1872","Senna septemtrionalis"
"1873","Senna siamea"
"1874","Senna spectabilis"
"1875","Senna spp."
"1876","Senna sulfurea"
"1877","Senna surattensis"
"1878","Serianthes kanehirae"
"1879","Serianthes nelsonii"
"1880","Sesbania grandiflora"
"1881","Sesbania sesban"
"1882","Sesbania spp."
"1883","Shirakiopsis indica"
"1884","Sida fallax"
"1885","Sida spp."
"1886","Sideroxylon cubense"
"1887","Sideroxylon celastrinum"
"1888","Sideroxylon obovatum"
"1889","Sideroxylon portoricense"
"1890","Sideroxylon lycioides"
"1891","Sideroxylon tenax"
"1892","Simarouba spp."
"1893","Sideroxylon laetevirens"
"1894","Simarouba tulae"
"1895","Siphoneugena densiflora"
"1896","Sideroxylon persimile"
"1897","Sloanea spp."
"1898","Sloanea amygdalina"
"1899","Sloanea berteriana"
"1900","Solanum bahamense"
"1901","Solanum donianum"
"1902","Solanum americanum"
"1903","Solanum erianthum"
"1904","Solanum mauritianum"
"1905","Solanum nudum"
"1906","Solanum polygamum"
"1907","Solanum rugosum"
"1908","Solanum spp."
"1909","Solanum torvum"
"1910","Sonneratia alba"
"1911","Sophora chrysophylla"
"1912","Sophora spp."
"1913","Sophora tomentosa"
"1914","Spathodea campanulata"
"1915","Spathodea spp."
"1916","Spiraeanthemum samoense"
"1917","Styphnolobium japonicum"
"1918","Sophora secundiflora"
"1919","Spondias dulcis"
"1920","Spondias mombin"
"1921","Cordia boissieri"
"1922","Spondias purpurea"
"1923","Spondias spp."
"1924","Stahlia monosperma"
"1925","Stemonurus ammui"
"1926","Spondias pinnata"
"1927","Sorbaria spp."
"1928","Sorbus scopulina"
"1929","Sorbus sitchensis"
"1930","Soulamea amara"
"1931","Sterculia apetala"
"1932","Sterculia fanaiho"
"1933","Sterculia foetida"
"1934","Sterculia palauensis"
"1935","Stewartia malacodendron"
"1936","Streblus anthropophagorum"
"1937","Streblus pendulinus"
"1938","Streblus spp."
"1939","Stewartia ovata"
"1940","Styrax americanus"
"1941","Styrax portoricensis"
"1942","Stewartia koreana"
"1943","Suriana maritima"
"1944","Stewartia pseudocamellia"
"1945","Swietenia spp."
"1946","Swietenia macrophylla"
"1947","Symplocos lanata"
"1948","Symplocos martinicensis"
"1949","Symplocos micrantha"
"1950","Syagrus romanzoffiana"
"1951","Symplocos racemosa"
"1952","Syncarpia glomulifera"
"1953","Syncarpia spp."
"1954","Synsepalum dulcificum"
"1955","Syringa vulgaris"
"1956","Syzygium aqueum"
"1957","Syzygium brevifolium"
"1958","Syzygium carolinense"
"1959","Syzygium clusiifolium"
"1960","Syzygium grande"
"1961","Syzygium dealatum"
"1962","Syzygium inophylloides"
"1963","Syzygium jambos"
"1964","Syzygium malaccense"
"1965","Syzygium richii"
"1966","Syzygium samarangense"
"1967","Syzygium samoense"
"1968","Syzygium sandwicense"
"1969","Syzygium paniculatum"
"1970","Syzygium spp."
"1971","Tabebuia chrysantha"
"1972","Tabebuia donnell-smithii"
"1973","Tabebuia haemantha"
"1974","Tabebuia heterophylla"
"1975","Tabebuia pallida"
"1976","Tabebuia rigida"
"1977","Tabebuia rosea"
"1978","Tabebuia schumanniana"
"1979","Tabebuia spp."
"1980","Tabernaemontana aurantiaca"
"1981","Tabernaemontana citrifolia"
"1982","Tabernaemontana pandacaqui"
"1983","Tabernaemontana rotensis"
"1984","Tamarix aphylla"
"1985","Tamarix chinensis"
"1986","Tamarix ramosissima"
"1987","Tarenna sambucina"
"1988","Taxus baccata"
"1989","Taxus cuspidata"
"1990","Tecoma castanifolia"
"1991","Tecoma stans"
"1992","Tectona grandis"
"1993","Tectona spp."
"1994","Terminalia spp."
"1995","Terminalia carolinensis"
"1996","Terminalia catappa"
"1997","Terminalia crassipes"
"1998","Terminalia edulis"
"1999","Terminalia litoralis"
"2000","Terminalia ivorensis"
"2001","Licaria brittoniana"
"2002","Licaria parvifolia"
"2003","Liquidambar orientalis"
"2004","Licaria triandra"
"2005","Ligustrum amurense"
"2006","Ligustrum sinense"
"2007","Ligustrum spp."
"2008","Ligustrum japonicum"
"2009","Ligustrum lucidum"
"2010","Ligustrum ovalifolium"
"2011","Lindera melissifolia"
"2012","Litchi chinensis"
"2013","Litsea samoensis"
"2014","Litsea spp."
"2015","Livistona chinensis"
"2016","Lonchocarpus domingensis"
"2017","Lonchocarpus glaucifolius"
"2018","Lonchocarpus heptaphyllus"
"2019","Lonicera maackii"
"2020","Lophostemon confertus"
"2021","Lucuma nervosa"
"2022","Luehea speciosa"
"2023","Lumnitzera littorea"
"2024","Lunania spp."
"2025","Lunania ekmanii"
"2026","Lyonia rubiginosa"
"2027","Macadamia integrifolia"
"2028","Macadamia spp."
"2029","Macadamia tetraphylla"
"2030","Macaranga carolinensis"
"2031","Macaranga grayana"
"2032","Macaranga harveyana"
"2033","Macaranga mappa"
"2034","Macaranga spp."
"2035","Macaranga stipulosa"
"2036","Macaranga tanarius"
"2037","Macaranga thompsonii"
"2038","Machaerium lunatum"
"2039","Machaonia portoricensis"
"2040","Magnolia stellata"
"2041","Maclura tinctoria"
"2042","Maesopsis eminii"
"2043","Magnolia x soulangiana"
"2044","Magnolia portoricensis"
"2045","Magnolia splendens"
"2046","Magnolia sieboldii"
"2047","Mallotus palauensis"
"2048","Mallotus philippensis"
"2049","Mallotus spp."
"2050","Mallotus tiliifolius"
"2051","Malpighia coccigera"
"2052","Malpighia emarginata"
"2053","Malpighia fucata"
"2054","Malpighia glabra"
"2055","Malpighia infestissima"
"2056","Malpighia linearis"
"2057","Malus baccata"
"2058","Malus floribunda"
"2059","Malus pumila"
"2060","Mammea americana"
"2061","Mammea glauca"
"2062","Mammea odorata"
"2063","Mammea spp."
"2064","Mangifera minor"
"2065","Mangifera odorata"
"2066","Mangifera spp."
"2067","Manihot carthagenensis ssp. glaziovii"
"2068","Manihot spp."
"2069","Manilkara bidentata"
"2070","Manilkara bidentata ssp. surinamensis"
"2071","Manilkara dissecta"
"2072","Manilkara hoshinoi"
"2073","Manilkara jaimiqui"
"2074","Manilkara pleeana"
"2075","Manilkara spp."
"2076","Manilkara udoido"
"2077","Manilkara valenzuela"
"2078","Manilkara zapota"
"2079","Mappia racemosa"
"2080","Maranthes corymbosa"
"2081","Marattia fraxinea"
"2082","Margaritaria nobilis"
"2083","Marlierea sintenisii"
"2084","Matayba apetala"
"2085","Matayba domingensis"
"2086","Maytenus boaria"
"2087","Maytenus cymosa"
"2088","Coprosma waimeae"
"2089","Cordia alliodora"
"2090","Cordia aspera"
"2091","Cordia borinquensis"
"2092","Cordia collococca"
"2093","Cordia dichotoma"
"2094","Cordia laevigata"
"2095","Cordia micronesica"
"2096","Cordia obliqua"
"2097","Cordia rickseckeri"
"2098","Cordia rupicola"
"2099","Cordia spp."
"2100","Cordia subcordata"
"2101","Cordia sulcata"
"2102","Cordyline fruticosa"
"2103","Cordyline spp."
"2104","Cornutia obovata"
"2105","Cornutia pyramidata"
"2106","Cornus drummondii"
"2107","Corymbia calophylla"
"2108","Corymbia citriodora"
"2109","Corymbia ficifolia"
"2110","Corymbia gummifera"
"2111","Corynocarpus laevigatus"
"2112","Corynocarpus spp."
"2113","Couroupita guianensis"
"2114","Crateva religiosa"
"2115","Purshia stansburiana"
"2116","Crescentia alata"
"2117","Crescentia cujete"
"2118","Crescentia linearifolia"
"2119","Crescentia portoricensis"
"2120","Critonia portoricensis"
"2121","Crossopetalum rhacoma"
"2122","Quercus arkansana"
"2123","Crossostylis biflora"
"2124","Crotalaria longirostrata"
"2125","Croton spp."
"2126","Croton astroites"
"2127","Croton flavens"
"2128","Croton poecilanthus"
"2129","Cryptocarya oreophila"
"2130","Cryptocarya elegans"
"2131","Cryptocarya mannii"
"2132","Quercus georgiana"
"2133","Cryptocarya spp."
"2134","Cryptocarya turbinata"
"2135","Quercus havardii"
"2136","Cryptomeria japonica"
"2137","Cryptomeria spp."
"2138","Cunninghamia lanceolata"
"2139","Cupania americana"
"2140","Quercus myrtifolia"
"2141","Cupania triquetra"
"2142","Quercus petraea"
"2143","Cupressus lusitanica"
"2144","Cupressus sempervirens"
"2145","Quercus robur"
"2146","Quercus sinuata"
"2147","Cyanea aculeatiflora"
"2148","Cyanea arborea"
"2149","Cyanea fissa"
"2150","Cyanea floribunda"
"2151","Cyanea giffardii"
"2152","Cyanea hamatiflora"
"2153","Cyanea hardyi"
"2154","Cyanea horrida"
"2155","Cyanea kuhihewa"
"2156","Cyanea kunthiana"
"2157","Cyanea leptostegia"
"2158","Cyanea macrostegia"
"2159","Cyanea marksii"
"2160","Cyanea pilosa"
"2161","Cyanea pohaku"
"2162","Cyanea procera"
"2163","Cyanea pycnocarpa"
"2164","Cyanea quercifolia"
"2165","Cyanea rivularis"
"2166","Cyanea solenocalyx"
"2167","Cyanea spp."
"2168","Cyanea stictophylla"
"2169","Cyanea superba"
"2170","Cyanea tritomantha"
"2171","Cyathea andina"
"2172","Cyathea arborea"
"2173","Cyathea cooperi"
"2174","Cyathea decurrens"
"2175","Cyathea furfuracea"
"2176","Cyathea lunulata"
"2177","Cyathea medullaris"
"2178","Cyathea nigricans"
"2179","Eugenia domingensis"
"2180","Eugenia eggersii"
"2181","Eugenia glabrata"
"2182","Eugenia haematocarpa"
"2183","Eugenia javanica"
"2184","Eugenia koolauensis"
"2185","Eugenia ligustrina"
"2186","Eugenia malaccensis"
"2187","Styrax grandifolius"
"2188","Eugenia monticola"
"2189","Styrax japonicus"
"2190","Eugenia nitida"
"2191","Eugenia palauensis"
"2192","Eugenia palumbis"
"2193","Eugenia procera"
"2194","Eugenia pseudopsidium"
"2195","Eugenia reinwardtiana"
"2196","Syringa reticulata"
"2197","Eugenia serrasuela"
"2198","Eugenia sessiliflora"
"2199","Eugenia spp."
"2200","Eugenia stahlii"
"2201","Syzygium stelechanthum"
"2202","Eugenia stewardsonii"
"2203","Eugenia suzukii"
"2204","Eugenia thompsonii"
"2205","Eugenia underwoodii"
"2206","Eugenia uniflora"
"2207","Eugenia xerophytica"
"2208","Euphorbia cotinifolia"
"2209","Euphorbia haeleeleana"
"2210","Euphorbia lactea"
"2211","Euphorbia neriifolia"
"2212","Euphorbia petiolaris"
"2213","Euphorbia pulcherrima"
"2214","Euphorbia spp."
"2215","Euphorbia tirucalli"
"2216","Euphoria longana"
"2217","Eurya sandwicensis"
"2218","Eurya spp."
"2219","Euodia hortensis"
"2220","Euodia nitida"
"2221","Euodia palawensis"
"2222","Euodia ponapensis"
"2223","Euodia spp."
"2224","Euodia trichantha"
"2225","Excoecaria agallocha"
"2226","Exocarpos gaudichaudii"
"2227","Exocarpos spp."
"2228","Exorrhiza ponapensis"
"2229","Exostema caribaeum"
"2230","Exostema ellipticum"
"2231","Exostema sanctae-luciae"
"2232","Fagraea berteroana"
"2233","Fagraea ksid"
"2234","Fagraea spp."
"2235","Falcataria moluccana"
"2236","Falcataria spp."
"2237","Faramea occidentalis"
"2238","Feijoa sellowiana"
"2239","Ficus americana"
"2240","Ficus benghalensis"
"2241","Ficus benjamina"
"2242","Ficus carica"
"2243","Ficus copiosa"
"2244","Ficus auriculata"
"2245","Ficus drupacea"
"2246","Ficus elastica"
"2247","Ficus godeffroyi"
"2248","Ficus lutea"
"2249","Ficus lyrata"
"2250","Ficus microcarpa"
"2251","Ficus nota"
"2252","Ficus obliqua"
"2253","Ficus obtusifolia"
"2254","Ficus prolixa"
"2255","Ficus religiosa"
"2256","Ficus rubiginosa"
"2257","Ficus saffordii"
"2258","Ficus scabra"
"2259","Ficus spp."
"2260","Ficus stahlii"
"2261","Ficus sycomorus"
"2262","Ficus thonningii"
"2263","Ficus tinctoria"
"2264","Ficus trigonata"
"2265","Ficus uniauriculata"
"2266","Ficus virens"
"2267","Finschia chloroxantha"
"2268","Firmiana simplex"
"2269","Fitchia speciosa"
"2270","Flacourtia indica"
"2271","Flacourtia inermis"
"2272","Flacourtia rukam"
"2273","Flindersia brayleyana"
"2274","Flueggea acidoton"
"2275","Flueggea flexuosa"
"2276","Flueggea neowawraea"
"2277","Flueggea spp."
"2278","Forestiera eggersiana"
"2279","Forestiera rhamnifolia"
"2280","Forestiera segregata"
"2281","Fortunella margarita"
"2282","Vitex negundo"
"2283","Frangula californica"
"2284","Frangula sphaerosperma"
"2285","Franklinia alatamaha"
"2286","Fraxinus gooddingii"
"2287","Fraxinus uhdei"
"2288","Fuchsia boliviana"
"2289","Fuchsia paniculata"
"2290","Fuchsia spp."
"2291","Funtumia elastica"
"2292","Persea americana"
"2293","Garcinia dulcis"
"2294","Garcinia hessii"
"2295","Garcinia mangostana"
"2296","Garcinia matsudai"
"2297","Garcinia myrtifolia"
"2298","Garcinia ponapensis"
"2299","Garcinia portoricensis"
"2300","Garcinia rumiyo"
"2301","Garcinia quadrilocularis"
"2302","Garcinia spp."
"2303","Garcinia xanthochymus"
"2304","Gardenia brighamii"
"2305","Gardenia mannii"
"2306","Gardenia remyi"
"2307","Gardenia spp."
"2308","Gardenia taitensis"
"2309","Garuga floribunda"
"2310","Gaussia attenuata"
"2311","Geniostoma rupestre"
"2312","Genipa americana"
"2313","Gesneria pedunculosa"
"2314","Ginoria rohrii"
"2315","Gironniera celtidifolia"
"2316","Zelkova serrata"
"2317","Gliricidia sepium"
"2318","Ziziphus obtusifolia"
"2319","Glochidion cuspidatum"
"2320","Glochidion marianum"
"2321","Glochidion ramiflorum"
"2322","Glochidion spp."
"2323","Gmelina elliptica"
"2324","Gmelina palawensis"
"2325","Gmelina spp."
"2326","Gnetum gnemon"
"2327","Glycosmis parviflora"
"2328","Goetzea elegans"
"2329","Glochidion kanehirae"
"2330","Gomidesia lindeniana"
"2331","Goniothalamus carolinensis"
"2332","Gossypium barbadense"
"2333","Gossypium hirsutum"
"2334","Graffenrieda ottoschulzii"
"2335","Grevillea banksii"
"2336","Grevillea robusta"
"2337","Grevillea spp."
"2338","Grewia crenata"
"2339","Guaiacum officinale"
"2340","Guaiacum sanctum"
"2341","Guamia mariannae"
"2342","Guapira fragrans"
"2343","Guapira obtusata"
"2344","Guarea glabra"
"2345","Guarea guidonia"
"2346","Guatteria blainii"
"2347","Guatteria caribaea"
"2348","Guazuma ulmifolia"
"2349","Guettarda elliptica"
"2350","Guettarda krugii"
"2351","Guettarda odorata"
"2352","Guettarda ovalifolia"
"2353","Guettarda pungens"
"2354","Guettarda scabra"
"2355","Guettarda speciosa"
"2356","Guettarda valenzuelana"
"2357","Guioa rhoifolia"
"2358","Guioa spp."
"2359","Gulubia palauensis"
"2360","Gyminda latifolia"
"2361","Gymnanthes lucida"
"2362","Gyrocarpus americanus"
"2363","Haematoxylum campechianum"
"2364","Haenianthus salicifolius"
"2365","Halesia tetraptera"
"2366","Hamamelis vernalis"
"2367","Hamelia patens"
"2368","Hamamelis virginiana"
"2369","Haplolobus floribundus"
"2370","Harpephyllum caffrum"
"2371","Harpullia arborea"
"2372","Havardia pallens"
"2373","Hebestigma cubense"
"2374","Hedycarya denticulata"
"2375","Hedycarya spp."
"2376","Hedyosmum arborescens"
"2377","Hedyotis fosbergii"
"2378","Hedyotis hillebrandii"
"2379","Hedyotis spp."
"2380","Hedyotis terminalis"
"2381","Helicteres jamaicensis"
"2382","Heliocarpus popayanensis"
"2383","Heliocarpus spp."
"2384","Henriettea fascicularis"
"2385","Henriettea macfadyenii"
"2386","Henriettea membranifolia"
"2387","Henriettea squamulosum"
"2388","Heritiera littoralis"
"2389","Heritiera longipetiolata"
"2390","Heritiera spp."
"2391","Hernandia moerenhoutiana"
"2392","Hernandia nymphaeifolia"
"2393","Hernandia ovigera"
"2394","Hernandia sonora"
"2395","Hernandia spp."
"2396","Hernandia labyrinthica"
"2397","Hesperomannia arborescens"
"2398","Hesperomannia arbuscula"
"2399","Hesperomannia lydgatei"
"2400","Hesperomannia spp."
"2401","Heteromeles arbutifolia"
"2402","Heteromeles spp."
"2403","Heterospathe elata"
"2404","Hevea brasiliensis"
"2405","Hibiscadelphus bombycinus"
"2406","Hibiscadelphus crucibracteatus"
"2407","Hibiscadelphus distans"
"2408","Hibiscadelphus giffardianus"
"2409","Hibiscadelphus hualalaiensis"
"2410","Hibiscadelphus x puakuahiwi"
"2411","Hibiscadelphus spp."
"2412","Hibiscadelphus wilderianus"
"2413","Hibiscadelphus woodii"
"2414","Hibiscus arnottianus"
"2415","Hibiscus brackenridgei"
"2416","Hibiscus calyphyllus"
"2417","Hibiscus clayi"
"2418","Hibiscus elatus"
"2419","Hibiscus kokio"
"2420","Hibiscus macrophyllus"
"2421","Hibiscus mutabilis"
"2422","Hibiscus pernambucensis"
"2423","Hibiscus rosa-sinensis"
"2424","Hibiscus spp."
"2425","Hibiscus tiliaceus"
"2426","Hibiscus waimeae"
"2427","Hirtella rugosa"
"2428","Hirtella triandra"
"2429","Homalium racemosum"
"2430","Homalium whitmeeanum"
"2431","Horsfieldia amklaal"
"2432","Horsfieldia novoguineensis"
"2433","Horsfieldia nunu"
"2434","Horsfieldia palauensis"
"2435","Horsfieldia spp."
"2436","Hovenia dulcis"
"2437","Howeia forsteriana"
"2438","Cyathea parvula"
"2439","Cyathea ponapeana"
"2440","Cyathea spp."
"2441","Cyathea tenera"
"2442","Cyathea truncata"
"2443","Cybianthus sintenisii"
"2444","Cycas circinalis"
"2445","Cycas revoluta"
"2446","Cycas spp."
"2447","Cyclophyllum barbatum"
"2448","Cycas micronesica"
"2449","Cynometra portoricensis"
"2450","Cynometra ramiflora"
"2451","Cynometra yokotae"
"2452","Cyphomandra betacea"
"2453","Cyrilla racemiflora"
"2454","Cyrtandra pulchella"
"2455","Cyrtandra ramosissima"
"2456","Cyrtandra giffardii"
"2457","Cyrtandra spp."
"2458","Dacryodes excelsa"
"2459","Dalbergia retusa"
"2460","Dalbergia sissoo"
"2461","Dalbergia tucurensis"
"2462","Daphnopsis americana"
"2463","Daphnopsis helleriana"
"2464","Daphnopsis philippiana"
"2465","Delissea fallax"
"2466","Delissea laciniata"
"2467","Delissea niihauensis"
"2468","Delissea parviflora"
"2469","Delissea spp."
"2470","Delissea undulata"
"2471","Delonix regia"
"2472","Delonix spp."
"2473","Dendrocnide harveyi"
"2474","Dendrocnide latifolia"
"2475","Dendrocnide spp."
"2476","Dendropanax arboreus"
"2477","Dendropanax laurifolius"
"2478","Dictyosperma album"
"2479","Dillenia indica"
"2480","Dillenia suffruticosa"
"2481","Dimocarpus longan"
"2482","Diospyros blancoi"
"2483","Diospyros discolor"
"2484","Diospyros ebenaster"
"2485","Diospyros elliptica"
"2486","Diospyros ferrea"
"2487","Diospyros hillebrandii"
"2488","Diospyros kaki"
"2489","Diospyros revoluta"
"2490","Diospyros samoensis"
"2491","Diospyros sandwicensis"
"2492","Diospyros sintenisii"
"2493","Rhamnus cathartica"
"2494","Discocalyx ponapensis"
"2495","Ditta myricoides"
"2496","Rhus typhina"
"2497","Dodonaea viscosa"
"2498","Dolichandrone spathacea"
"2499","Dovyalis hebecarpa"
"2500","Dracaena fragrans"
"2501","Dracaena multiflora"
"2502","Dracaena reflexa"
"2503","Drypetes carolinensis"
"2504","Drypetes dolichocarpa"
"2505","Drypetes alba"
"2506","Drypetes glauca"
"2507","Drypetes ilicifolia"
"2508","Drypetes lateriflora"
"2509","Drypetes nitida"
"2510","Drypetes spp."
"2511","Drypetes vitiensis"
"2512","Dubautia demissifolia"
"2513","Dubautia x fallax"
"2514","Dubautia montana"
"2515","Dubautia arborea"
"2516","Dubautia knudsenii"
"2517","Drypetes yapensis"
"2518","Dubautia microcephala"
"2519","Dubautia plantaginea"
"2520","Salix elaeagnos"
"2521","Salix fragilis"
"2522","Dubautia reticulata"
"2523","Dubautia spp."
"2524","Salix geyeriana"
"2525","Duranta erecta"
"2526","Salix laevigata"
"2527","Durio zibethinus"
"2528","Dypsis lutescens"
"2529","Salix matsudana"
"2530","Dysoxylum huntii"
"2531","Dysoxylum maota"
"2532","Dysoxylum samoense"
"2533","Dysoxylum spp."
"2534","Dysoxylum mollissimum"
"2535","Elaeis guineensis"
"2536","Elaeocarpus kusaiensis"
"2537","Elaeocarpus bifidus"
"2538","Elaeocarpus carolinensis"
"2539","Elaeocarpus floridanus"
"2540","Elaeocarpus graeffei"
"2541","Elaeocarpus grandis"
"2542","Elaeocarpus joga"
"2543","Elaeocarpus kerstingianus"
"2544","Elaeocarpus kusanoi"
"2545","Elaeocarpus spp."
"2546","Elaeocarpus tonganus"
"2547","Elaeocarpus ulianus"
"2548","Elattostachys falcata"
"2549","Sambucus racemosa"
"2550","Eleocharis dulcis"
"2551","Endiandra elaeocarpa"
"2552","Enterolobium cyclocarpum"
"2553","Eriobotrya deflexa"
"2554","Eriobotrya japonica"
"2555","Eriobotrya spp."
"2556","Erithalis fruticosa"
"2557","Erythrina coralloides"
"2558","Erythrina berteriana"
"2559","Erythrina corallodendron"
"2560","Erythrina crista-galli"
"2561","Erythrina eggersii"
"2562","Erythrina fusca"
"2563","Erythrina poeppigiana"
"2564","Erythrina sandwicensis"
"2565","Erythrina spp."
"2566","Erythrina subumbrans"
"2567","Erythrina variegata"
"2568","Erythrina variegata var. orientalis"
"2569","Erythrospermum acuminatissimum"
"2570","Erythroxylum areolatum"
"2571","Erythroxylum rotundifolium"
"2572","Erythroxylum rufum"
"2573","Senna corymbosa"
"2574","Erythroxylum urbanii"
"2575","Eucalyptus botryoides"
"2576","Eucalyptus bridgesiana"
"2577","Eucalyptus cinerea"
"2578","Eucalyptus cladocalyx"
"2579","Eucalyptus cornuta"
"2580","Eucalyptus crebra"
"2581","Eucalyptus deanei"
"2582","Eucalyptus deglupta"
"2583","Eucalyptus cordata"
"2584","Eucalyptus leucoxylon"
"2585","Eucalyptus gomphocephala"
"2586","Eucalyptus goniocalyx"
"2587","Eucalyptus polyanthemos"
"2588","Eucalyptus hemiphloia"
"2589","Eucalyptus maculata"
"2590","Eucalyptus marginata"
"2591","Eucalyptus microcorys"
"2592","Eucalyptus paniculata"
"2593","Eucalyptus pilularis"
"2594","Eucalyptus raveretiana"
"2595","Eucalyptus resinifera"
"2596","Eucalyptus rudis"
"2597","Eucalyptus salicifolia"
"2598","Eucalyptus saligna"
"2599","Eucalyptus sideroxylon"
"2600","Eucalyptus tereticornis"
"2601","Eucalyptus viminalis"
"2602","Eugenia aquea"
"2603","Eugenia axillaris"
"2604","Eugenia biflora"
"2605","Eugenia boqueronensis"
"2606","Eugenia borinquensis"
"2607","Eugenia caryophyllus"
"2608","Eugenia confusa"
"2609","Eugenia cordata"
"2610","Eugenia cordata var. sintenisii"
"2611","Eugenia corozalensis"
"2612","Clermontia drepanomorpha"
"2613","Clermontia fauriei"
"2614","Clermontia grandiflora"
"2615","Clermontia hawaiiensis"
"2616","Clermontia kakeana"
"2617","Clermontia kohalae"
"2618","Clermontia lindseyana"
"2619","Clermontia micrantha"
"2620","Clermontia montis-loa"
"2621","Clermontia oblongifolia"
"2622","Clermontia pallida"
"2623","Clermontia parviflora"
"2624","Clermontia peleana"
"2625","Clermontia persicifolia"
"2626","Clermontia pyrularia"
"2627","Clermontia singuliflora"
"2628","Clermontia spp."
"2629","Clermontia tuberculata"
"2630","Clermontia waimeae"
"2631","Clerodendrum aculeatum"
"2632","Clerodendrum chinense"
"2633","Clerodendrum glabrum"
"2634","Clerodendrum indicum"
"2635","Clerodendrum macrostegium"
"2636","Clerodendrum spp."
"2637","Cleyera albopunctata"
"2638","Clibadium erosum"
"2639","Clidemia cymosa"
"2640","Clidemia hirta"
"2641","Clitoria fairchildiana"
"2642","Clinostigma carolinense"
"2643","Clusia clusioides"
"2644","Clusia gundlachii"
"2645","Clusia minor"
"2646","Clusia rosea"
"2647","Clusia spp."
"2648","Cnemidaria horrida"
"2649","Cnidoscolus aconitifolius"
"2650","Coccoloba costata"
"2651","Coccoloba krugii"
"2652","Coccoloba microstachya"
"2653","Coccoloba pallida"
"2654","Coccoloba pubescens"
"2655","Coccoloba pyrifolia"
"2656","Coccoloba rugosa"
"2657","Coccoloba sintenisii"
"2658","Coccoloba swartzii"
"2659","Coccoloba tenuifolia"
"2660","Coccoloba uvifera"
"2661","Coccoloba venosa"
"2662","Coccothrinax barbadensis"
"2663","Cochlospermum vitifolium"
"2664","Cocos spp."
"2665","Codiaeum variegatum"
"2666","Coffea arabica"
"2667","Coffea robusta"
"2668","Coffea liberica"
"2669","Coffea spp."
"2670","Cojoba arborea"
"2671","Cola acuminata"
"2672","Colona scabra"
"2673","Colubrina arborescens"
"2674","Colubrina asiatica"
"2675","Prunus laurocerasus"
"2676","Colubrina oppositifolia"
"2677","Colubrina spp."
"2678","Colubrina verrucosa"
"2679","Combretum tetralophum"
"2680","Commersonia bartramia"
"2681","Comocladia dodonaea"
"2682","Comocladia glabra"
"2683","Prunus serrulata"
"2684","Prunus mexicana"
"2685","Conocarpus spp."
"2686","Conostegia rufescens"
"2687","Consolea moniliformis"
"2688","Consolea rubescens"
"2689","Copaifera officinalis"
"2690","Coprosma foliosa"
"2691","Coprosma kauensis"
"2692","Coprosma longifolia"
"2693","Coprosma montana"
"2694","Coprosma ochracea"
"2695","Coprosma pubens"
"2696","Coprosma rhynchocarpa"
"2697","Coprosma spp."
